{
  "hash": "0796a726",
  "configHash": "7a061ece",
  "lockfileHash": "130e0a1b",
  "browserHash": "e1ec2d0d",
  "optimized": {
    "@angular/common": {
      "src": "../../../../../node_modules/@angular/common/fesm2022/common.mjs",
      "file": "@angular_common.js",
      "fileHash": "9c3c39db",
      "needsInterop": false
    },
    "@angular/common/http": {
      "src": "../../../../../node_modules/@angular/common/fesm2022/http.mjs",
      "file": "@angular_common_http.js",
      "fileHash": "c604ceae",
      "needsInterop": false
    },
    "@angular/core": {
      "src": "../../../../../node_modules/@angular/core/fesm2022/core.mjs",
      "file": "@angular_core.js",
      "fileHash": "71567133",
      "needsInterop": false
    },
    "@angular/forms": {
      "src": "../../../../../node_modules/@angular/forms/fesm2022/forms.mjs",
      "file": "@angular_forms.js",
      "fileHash": "c173c680",
      "needsInterop": false
    },
    "@angular/platform-browser": {
      "src": "../../../../../node_modules/@angular/platform-browser/fesm2022/platform-browser.mjs",
      "file": "@angular_platform-browser.js",
      "fileHash": "66838113",
      "needsInterop": false
    },
    "@angular/platform-browser/animations/async": {
      "src": "../../../../../node_modules/@angular/platform-browser/fesm2022/animations/async.mjs",
      "file": "@angular_platform-browser_animations_async.js",
      "fileHash": "6979c91b",
      "needsInterop": false
    },
    "@angular/router": {
      "src": "../../../../../node_modules/@angular/router/fesm2022/router.mjs",
      "file": "@angular_router.js",
      "fileHash": "e16042f9",
      "needsInterop": false
    },
    "rxjs": {
      "src": "../../../../../node_modules/rxjs/dist/esm5/index.js",
      "file": "rxjs.js",
      "fileHash": "21b06ef8",
      "needsInterop": false
    }
  },
  "chunks": {
    "browser-E4BK67KC": {
      "file": "browser-E4BK67KC.js"
    },
    "chunk-CBGFN5BE": {
      "file": "chunk-CBGFN5BE.js"
    },
    "chunk-IAEZFEER": {
      "file": "chunk-IAEZFEER.js"
    },
    "chunk-VWGNI36Q": {
      "file": "chunk-VWGNI36Q.js"
    },
    "chunk-KRPM2RXB": {
      "file": "chunk-KRPM2RXB.js"
    },
    "chunk-SXIXOCJ4": {
      "file": "chunk-SXIXOCJ4.js"
    }
  }
}